<?xml version="1.0" encoding="UTF-8"?>
<!DOCTYPE mapper PUBLIC "-//mybatis.org//DTD Mapper 3.0//EN"
        "http://mybatis.org/dtd/mybatis-3-mapper.dtd">
<mapper namespace="com.matariky.commonservice.backup.mapper.SystemMysqlBackupsMapper">
    <resultMap id="Base_Result_Map" type="com.matariky.commonservice.backup.bean.SystemMysqlBackups">
        <id column="id" property="id"/>
        <result column="mysql_ip" property="mysqlIp"/>
        <result column="mysql_port" property="mysqlPort"/>
        <result column="mysql_cmd" property="mysqlCmd"/>
        <result column="mysql_back_cmd" property="mysqlBackCmd"/>
        <result column="database_name" property="databaseName"/>
        <result column="backups_path" property="backupsPath"/>
        <result column="backups_name" property="backupsName"/>
        <result column="operation" property="operation"/>
        <result column="status" property="status"/>
        <result column="recovery_time" property="recoveryTime"/>
        <result column="create_time" property="createTime"/>
    </resultMap>

    <sql id="Base_Column_List">
        id
        as id,
        `mysql_ip` as mysqlIp,
        `mysql_port` as mysqlPort,
        `mysql_cmd` as mysqlCmd,
        `mysql_back_cmd` as mysqlBackCmd,
        `database_name` as databaseName,
        `backups_path` as backupsPath,
        `backups_name` as backupsName,
        `operation` as operation,
        `status` as status,
        `recovery_time` as recoveryTime,
        `create_time` as createTime
    </sql>

    <select id="selectListId" resultMap="Base_Result_Map">
        SELECT *
        FROM `common_mysql_backups`
        WHERE `status` != 0
          AND id = #{id}
    </select>

    <select id="selectBackupsList" resultMap="Base_Result_Map">
        SELECT *
        FROM `common_mysql_backups`
        WHERE `status` != 0
        ORDER BY create_time DESC
    </select>
</mapper>
