<?xml version="1.0" encoding="UTF-8"?>
<!DOCTYPE mapper PUBLIC "-//mybatis.org//DTD Mapper 3.0//EN"
"http://mybatis.org/dtd/mybatis-3-mapper.dtd">
<mapper namespace="com.matariky.bizservice.assetitm.base.mapper.BasicBaseRfidtemplateMapper">

<sql id="baseQueryListSql"> 
 SELECT t.id,t.project_name,t.template_name,t.rules_id,t.epc_rule,t.is_lock_epc,t.epc_password,t.goods_id,t.is_odcode,t.od_fixed_content,t.is_qrcode,t.qr_fixed_content,t.rfid_length,t.rfid_width,t.rfid_aiimg,t.rfid_indicate_img,t.remark,t.create_time,t.update_time,t.delete_time,t.create_by,t.update_by,t.operator_org_code,t.operator_self_org_code,t.tenant_id 
 FROM
    basic_base_rfidtemplate t 
 WHERE 
    t.delete_time = 0 
 </sql> 
 <sql id="baseQueryCountSql"> 
   SELECT 
    count(1) 
 FROM 
    basic_base_rfidtemplate t 
 WHERE 
    t.delete_time = 0 
 </sql> 
	<select id="getBasicBaseRfidtemplateAll" parameterType="Map" resultType="com.matariky.bizservice.assetitm.base.bean.BasicBaseRfidtemplate">
        select id,project_name,template_name,rules_id,epc_rule,is_lock_epc,epc_password,goods_id,is_odcode,od_fixed_content,is_qrcode,qr_fixed_content,rfid_length,rfid_width,rfid_aiimg,rfid_indicate_img,remark,create_time,update_time,delete_time,create_by,update_by,operator_org_code,operator_self_org_code,tenant_id from basic_base_rfidtemplate t where delete_time=0 
	</select>

	<select id="getBasicBaseRfidtemplateAllCount" parameterType="Map" resultType="int">
        select count(1) from basic_base_rfidtemplate where delete_time=0 
	</select>

	<insert id="createBasicBaseRfidtemplate" parameterType="com.matariky.bizservice.assetitm.base.bean.BasicBaseRfidtemplate">
        insert into basic_base_rfidtemplate(id,project_name,template_name,rules_id,epc_rule,is_lock_epc,epc_password,goods_id,is_odcode,od_fixed_content,is_qrcode,qr_fixed_content,rfid_length,rfid_width,rfid_aiimg,rfid_indicate_img,remark,create_time,update_time,delete_time,create_by,update_by,operator_org_code,operator_self_org_code,tenant_id) 
        values(#{id},#{projectName},#{templateName},#{rulesId},#{epcRule},#{isLockEpc},#{epcPassword},#{goodsId},#{isOdcode},#{odFixedContent},#{isQrcode},#{qrFixedContent},#{rfidLength},#{rfidWidth},#{rfidAiimg},#{rfidIndicateImg},#{remark},#{createTime},#{updateTime},#{deleteTime},#{createBy},#{updateBy},#{operatorOrgCode},#{operatorSelfOrgCode},#{tenantId})
	</insert>

	<update id="updateBasicBaseRfidtemplate" parameterType="com.matariky.bizservice.assetitm.base.bean.BasicBaseRfidtemplate">
        update basic_base_rfidtemplate 
        set id=#{params.id} 
<if test="params.projectName != null ">
        	,project_name=#{params.projectName}
        </if>
<if test="params.templateName != null ">
        	,template_name=#{params.templateName}
        </if>
<if test="params.rulesId != null ">
        	,rules_id=#{params.rulesId}
        </if>
<if test="params.epcRule != null ">
        	,epc_rule=#{params.epcRule}
        </if>
<if test="params.isLockEpc != null ">
        	,is_lock_epc=#{params.isLockEpc}
        </if>
<if test="params.epcPassword != null ">
        	,epc_password=#{params.epcPassword}
        </if>
<if test="params.goodsId != null ">
        	,goods_id=#{params.goodsId}
        </if>
<if test="params.isOdcode != null ">
        	,is_odcode=#{params.isOdcode}
        </if>
<if test="params.odFixedContent != null ">
        	,od_fixed_content=#{params.odFixedContent}
        </if>
<if test="params.isQrcode != null ">
        	,is_qrcode=#{params.isQrcode}
        </if>
<if test="params.qrFixedContent != null ">
        	,qr_fixed_content=#{params.qrFixedContent}
        </if>
<if test="params.rfidLength != null ">
        	,rfid_length=#{params.rfidLength}
        </if>
<if test="params.rfidWidth != null ">
        	,rfid_width=#{params.rfidWidth}
        </if>
<if test="params.rfidAiimg != null ">
        	,rfid_aiimg=#{params.rfidAiimg}
        </if>
<if test="params.rfidIndicateImg != null ">
        	,rfid_indicate_img=#{params.rfidIndicateImg}
        </if>
<if test="params.remark != null ">
        	,remark=#{params.remark}
        </if>
<if test="params.createTime != null ">
        	,create_time=#{params.createTime}
        </if>
<if test="params.updateTime != null ">
        	,update_time=#{params.updateTime}
        </if>
<if test="params.deleteTime != null ">
        	,delete_time=#{params.deleteTime}
        </if>
<if test="params.createBy != null ">
        	,create_by=#{params.createBy}
        </if>
<if test="params.updateBy != null ">
        	,update_by=#{params.updateBy}
        </if>
<if test="params.operatorOrgCode != null ">
        	,operator_org_code=#{params.operatorOrgCode}
        </if>
<if test="params.operatorSelfOrgCode != null ">
        	,operator_self_org_code=#{params.operatorSelfOrgCode}
        </if>
<if test="params.tenantId != null ">
        	,tenant_id=#{params.tenantId}
        </if>
        where id = #{params.id} and delete_time=0 
	</update>

	<update id="delBasicBaseRfidtemplateById" parameterType="int">
        update  basic_base_rfidtemplate set delete_time=now() where id=#{value}
	</update>

	<select id="getBasicBaseRfidtemplateById"  parameterType="Integer" resultType="com.matariky.bizservice.assetitm.base.bean.BasicBaseRfidtemplate" >
        select id,project_name,template_name,rules_id,epc_rule,is_lock_epc,epc_password,goods_id,is_odcode,od_fixed_content,is_qrcode,qr_fixed_content,rfid_length,rfid_width,rfid_aiimg,rfid_indicate_img,remark,create_time,update_time,delete_time,create_by,update_by,operator_org_code,operator_self_org_code,tenant_id from basic_base_rfidtemplate where id=#{value} and delete_time=0
	</select>

<select id="getBasicBaseRfidtemplateDACCount" parameterType="java.util.Map" resultType="java.lang.Long">
   <if test="params.strategyCode =='1'.toString()">
  <include refid="baseQueryCountSql" />
    <if test="params.selfOrgCode != null and params.selfOrgCode !=''">
       and  t.operator_self_org_code=#{params.selfOrgCode}
    </if>
   <if test="params.tenantId != null and params.tenantId !=''">
     and t.tenant_id  = #{params.tenantId}
 </if>
       <if test="params.sharingSelfOrgCodes != null and params.sharingSelfOrgCodes.size() >0">
   or t.operator_self_org_code in
	 <foreach item="soc" collection="params.sharingSelfOrgCodes" open="(" separator="," close=")">
        #{soc}
    </foreach>
    </if>
         <if test="params.sharingOrgCodes != null  and params.sharingOrgCodes.size()>0  ">
        or   t.operator_org_code in 
    	 <foreach item="oc" collection="params.sharingOrgCodes" open="(" separator="," close=")">
            #{oc}
        </foreach>
    </if>
</if>
   <if test=" params.strategyCode =='0'.toString()">
  <include refid="baseQueryCountSql" />
       <if test="params.tenantId != null and params.tenantId !=''">
           and t.tenant_id  = #{params.tenantId}
       </if>
   </if>
   <if test=" params.strategyCode =='2'.toString()">
  <include refid="baseQueryCountSql" />
       <if test="params.orgCode != null and params.orgCode !=''">
        and   t.operator_org_code=#{params.orgCode} 
    </if>
   <if test="params.tenantId != null and params.tenantId !=''">
        and t.tenant_id  = #{params.tenantId}
    </if>
   <if test="params.sharingSelfOrgCodes != null and params.sharingSelfOrgCodes.size() >0 ">
            or  t.operator_self_org_code in
    	 <foreach item="soc" collection="params.sharingSelfOrgCodes" open="(" separator="," close=")">
            #{soc}
        </foreach>
   </if>
   <if test="params.sharingOrgCodes != null and params.sharingOrgCodes.size()>0">
             or   t.operator_org_code in
     	 <foreach item="oc" collection="params.sharingOrgCodes" open="(" separator="," close=")">
             #{oc}
         </foreach>
         </if>
 </if>
   <if test=" params.strategyCode =='3'.toString()">
  <include refid="baseQueryCountSql" />
        <if test="params.orgCode != null and params.orgCode !=''">
         and  t.operator_org_code like concat(#{params.orgCode}, '%') 
   		</if>
       <if test="params.tenantId != null and params.tenantId !=''">
         and t.tenant_id  = #{params.tenantId}
       </if>
   	   <if test="params.sharingSelfOrgCodes != null and params.sharingSelfOrgCodes.size() >0">
             or   t.operator_self_org_code in
     	 <foreach item="soc" collection="params.sharingSelfOrgCodes" open="(" separator="," close=")">
             #{soc}
         </foreach>
        </if>
   <if test="params.sharingOrgCodes != null and params.sharingOrgCodes.size()>0">
             or t.operator_org_code in
     	 <foreach item="oc" collection="params.sharingOrgCodes" open="(" separator="," close=")">
             #{oc}
         </foreach>
         </if>
 </if>
</select>
<select id="getBasicBaseRfidtemplateDAC" parameterType="java.util.Map" resultType="com.matariky.bizservice.assetitm.base.bean.BasicBaseRfidtemplate">
<if test="params.strategyCode =='1'.toString()">
  <include refid="baseQueryListSql" />
   <if test="params.selfOrgCode != null and params.selfOrgCode !=''"> 
       and  t.operator_self_org_code=#{params.selfOrgCode} 
   </if>
   <if test="params.tenantId != null and params.tenantId !=''">
       and t.tenant_id  = #{params.tenantId}
   </if>
   <if test="params.sharingSelfOrgCodes !=null and params.sharingSelfOrgCodes.size()>0">
      union  
  <include refid="baseQueryListSql" />
     <if test="params.sharingSelfOrgCodes != null and params.sharingSelfOrgCodes.size()>0">  
      and t.operator_self_org_code in
  	 <foreach item="soc" collection="params.sharingSelfOrgCodes" open="(" separator="," close=")">
        #{soc}
      </foreach>
       </if>
       <if test="params.tenantId != null and params.tenantId !=''">
           and t.tenant_id  = #{params.tenantId}
       </if>
  </if>
  <if test="params.sharingOrgCodes !=null and params.sharingOrgCodes.size()>0">
      union  
  <include refid="baseQueryListSql" />
        <if test="params.sharingOrgCodes != null and params.sharingOrgCodes.size()>0  "> 
         and   t.operator_org_code in
  	 <foreach item="oc" collection="params.sharingOrgCodes" open="(" separator="," close=")">
          #{oc}
       </foreach>
       </if>
       <if test="params.tenantId != null and params.tenantId !=''">
           and t.tenant_id  = #{params.tenantId}
        </if>
    </if>
    <if test="params.orderField != null and params.orderField !=''">
    order by  #{params.orderField}
     </if>
    <if test="params.order != null and params.order !=''">
     #{params.order}
   </if>
 </if>
 <if test=" params.strategyCode =='0'.toString()">
  <include refid="baseQueryListSql" />
    <if test="params.tenantId != null and params.tenantId !=''"> 
       and t.tenant_id  = #{params.tenantId}
    </if>
    <if test="params.orderField != null and params.orderField !=''">
    order by  #{params.orderField}
    </if>
    <if test="params.order != null and params.order !=''">
     #{params.order}
    </if>
</if>
 <if test=" params.strategyCode =='2'.toString()">
  <include refid="baseQueryListSql" />
   <if test="params.orgCode != null and params.orgCode !=''"> 
        and   t.operator_org_code=#{params.orgCode} 
     </if>
     <if test="params.tenantId != null and params.tenantId !=''">
        and t.tenant_id  = #{params.tenantId}
    </if>
     <if test="params.sharingSelfOrgCodes !=null and params.sharingSelfOrgCodes !=''">
      union  
     <include refid="baseQueryListSql" />
        <if test="params.sharingSelfOrgCodes != null and params.sharingSelfOrgCodes.size() >0 ">
            and  t.operator_self_org_code in
    	 <foreach item="soc" collection="params.sharingSelfOrgCodes" open="(" separator="," close=")">
           #{soc}
        </foreach>
        </if>
        <if test="params.tenantId != null and params.tenantId !=''">
            and t.tenant_id  = #{params.tenantId}
        </if>
    </if>
    <if test="params.sharingOrgCodes !=null and params.sharingOrgCodes !=''">
      union  
     <include refid="baseQueryListSql" />
         <if test="params.sharingOrgCodes != null and params.sharingOrgCodes.size()>0">
            and   t.operator_org_code in 
    	 <foreach item="oc" collection="params.sharingOrgCodes" open="(" separator="," close=")">
            #{oc}
        </foreach>
        </if>
        <if test="params.tenantId != null and params.tenantId !=''">
            and t.tenant_id  = #{params.tenantId}
        </if>
     </if>
    <if test="params.orderField != null and params.orderField !=''">
    order by  #{params.orderField}
    </if>
    <if test="params.order != null and params.order !=''">
      #{params.order}
    </if>
</if>
<if test=" params.strategyCode =='3'.toString()">
  <include refid="baseQueryListSql" />
     <if test="params.orgCode != null and params.orgCode !=''">
        and  t.operator_org_code like concat(#{params.orgCode}, '%') 
    </if>
    <if test="params.tenantId != null and params.tenantId !=''">
        and t.tenant_id  = #{params.tenantId}
    </if>
     <if test="params.sharingSelfOrgCodes !=null and params.sharingSelfOrgCodes !=''">
      union  
      <include refid="baseQueryListSql" />
        <if test="params.sharingSelfOrgCodes != null and params.sharingSelfOrgCodes.size() >0"> 
            and   t.operator_self_org_code in
   	 <foreach item="soc" collection="params.sharingSelfOrgCodes" open="(" separator="," close=")">
           #{soc}
        </foreach>
        </if>
        <if test="params.tenantId != null and params.tenantId !=''">
            and t.tenant_id  = #{params.tenantId}
        </if>
    </if>
     <if test="params.sharingOrgCodes !=null and params.sharingOrgCodes !=''">
      union  
      <include refid="baseQueryListSql" />
       		<if test="params.sharingOrgCodes != null and params.sharingOrgCodes.size()>0">
            and t.operator_org_code in 
    	 <foreach item="oc" collection="params.sharingOrgCodes" open="(" separator="," close=")">
            #{oc}
        </foreach>
        </if>
        <if test="params.tenantId != null and params.tenantId !=''">
           and t.tenant_id  = #{params.tenantId}
        </if>
    </if>
    <if test="params.orderField != null and params.orderField !=''">
    order by  #{params.orderField}
    </if>
    <if test="params.order != null and params.order !=''">
     #{params.order}
   </if>
 </if>
 <if test="params.pageStart != null and params.pageSize != null  ">
     limit #{params.pageStart}, #{params.pageSize}
  </if>
</select>
</mapper>
