<?xml version="1.0" encoding="UTF-8"?>
<!DOCTYPE mapper PUBLIC "-//mybatis.org//DTD Mapper 3.0//EN" "http://mybatis.org/dtd/mybatis-3-mapper.dtd">
<mapper namespace="com.matariky.clickhouse.logs.mapper.ServiceLogMapper">



	<select id="getAppTracesAll" parameterType="com.matariky.clickhouse.logs.entity.ServiceLog" resultType="com.matariky.clickhouse.logs.entity.ServiceLog">
        select
        	timestamp,
			events as errorMessage,
			serviceName,
			name,
			kind,
			durationNano,
			dbSystem,
			dbName,
			dbOperation,
			httpMethod,
			httpCode,
			httpRoute,
            hasError ,
			stringTagMap['os.type'] as os,
			stringTagMap['host.name'] as host,
			stringTagMap['db.system'] as dbtype,
			stringTagMap['db.dboperation'] as dbop,
			stringTagMap['telemetry.sdk.language'] as telemetryLanugage,
			stringTagMap['net.sock.peer.name'] as peerDomain,
			stringTagMap['net.sock.host.port'] as peerPort,
			stringTagMap['db.statement'] as dbStatements,
			stringTagMap['telemetry.sdk.name'] as otlSdk,
			stringTagMap['db.connection_string'] as connectionString,
			stringTagMap['http.client_ip'] as clientIp,
			stringTagMap['db.sql.table'] as dbTable

        from signoz_traces.distributed_signoz_index_v2
        <where>
            1=1

            <if test="params.dbtype!=null and params.dbtype!='' ">
                 and  dbSystem =#{params.dbtype}
            </if>

            <if test="params.hasError!=null and params.hasError!='' ">
                 and  hasError =#{params.hasError}
            </if>

            <if test="params.serviceName!=null and params.serviceName!='' ">
                and serviceName like concat( #{params.serviceName}, '%')
            </if>

            <if test="params.name!=null and params.name!='' ">
                and ((stringTagMap['name'] = #{params.name}) or (name=#{params.name}))
            </if>

            <if test="params.timeStart!=null and params.timeStart!='' ">
				and timestamp >= #{params.timeStart}
            </if>

             <if test="params.timeEnd!=null and params.timeEnd!='' ">
				  and #{params.timeEnd} >= timestamp
            </if>

        </where>
            order by timestamp desc
       <if test="params.offSet!=null and  params.perPage!=null  ">
           limit #{params.offSet}, #{params.perPage};
       </if>
	</select>

	<select id="getAppTracesCount" parameterType="com.matariky.clickhouse.logs.entity.ServiceLog" resultType="long">
        select count(*) from signoz_traces.distributed_signoz_index_v2
        <where>
            <if test="params.dbtype!=null and params.dbtype!='' ">
                and  dbSystem =#{params.dbtype}
            </if>

            <if test="params.hasError!=null and params.hasError!='' ">
                and  hasError =#{params.hasError}
            </if>

            <if test="params.serviceName!=null and params.serviceName!='' ">
                and serviceName like concat( #{params.serviceName}, '%')
            </if>

            <if test="params.name!=null and params.name!='' ">
                and ((stringTagMap['name'] = #{params.name}) or (name=#{params.name}))
            </if>

            <if test="params.timeStart!=null and params.timeStart!='' ">
                and timestamp >= #{params.timeStart}
            </if>

            <if test="params.timeEnd!=null and params.timeEnd!='' ">
                and #{params.timeEnd} >= timestamp
            </if>
        </where>
	</select>

</mapper>
