<?xml version="1.0" encoding="UTF-8"?>
<!DOCTYPE mapper PUBLIC "-//mybatis.org//DTD Mapper 3.0//EN"
"http://mybatis.org/dtd/mybatis-3-mapper.dtd">
<mapper namespace="com.matariky.commonservice.log.mapper.BasicLogPrintMapper">

<sql id="baseQueryListSql"> 
 SELECT t.id,t.system_version,t.print_task_code,t.access_interface,t.operate_button,t.print_content,t.return_tid,t.print_status,t.fail_reason,t.rfid_set,t.device_id,t.business_time,t.access_account,t.out_ip,t.login_address,t.log_time,t.remark,t.create_time,t.update_time,t.delete_time,t.create_by,t.update_by,t.operator_org_code,t.operator_self_org_code 
 FROM
    basic_log_print t 
 WHERE 
    t.delete_time = 0 
 </sql> 
 <sql id="baseQueryCountSql"> 
   SELECT 
    count(1) 
 FROM 
    basic_log_print t 
 WHERE 
    t.delete_time = 0 
 </sql> 
	<select id="getBasicLogPrintAll" parameterType="Map" resultType="com.matariky.commonservice.log.bean.BasicLogPrint">
        select id,system_version,print_task_code,access_interface,operate_button,print_content,return_tid,print_status,fail_reason,rfid_set,device_id,business_time,access_account,out_ip,login_address,log_time,remark,create_time,update_time,delete_time,create_by,update_by,operator_org_code,operator_self_org_code from basic_log_print where delete_time=0 
	</select>

	<select id="getBasicLogPrintAllCount" parameterType="Map" resultType="int">
        select count(1) from basic_log_print where delete_time=0 
	</select>

	<insert id="createBasicLogPrint" parameterType="com.matariky.commonservice.log.bean.BasicLogPrint">
        insert into basic_log_print(id,system_version,print_task_code,access_interface,operate_button,print_content,return_tid,print_status,fail_reason,rfid_set,device_id,business_time,access_account,out_ip,login_address,log_time,remark,create_time,update_time,delete_time,create_by,update_by,operator_org_code,operator_self_org_code) 
        values(#{id},#{systemVersion},#{printTaskCode},#{accessInterface},#{operateButton},#{printContent},#{returnTid},#{printStatus},#{failReason},#{rfidSet},#{deviceId},#{businessTime},#{accessAccount},#{outIp},#{loginAddress},#{logTime},#{remark},#{createTime},#{updateTime},#{deleteTime},#{createBy},#{updateBy},#{operatorOrgCode},#{operatorSelfOrgCode})
	</insert>

	<update id="updateBasicLogPrint" parameterType="com.matariky.commonservice.log.bean.BasicLogPrint">
        update basic_log_print 
        set system_version=#{systemVersion},print_task_code=#{printTaskCode},access_interface=#{accessInterface},operate_button=#{operateButton},print_content=#{printContent},return_tid=#{returnTid},print_status=#{printStatus},fail_reason=#{failReason},rfid_set=#{rfidSet},device_id=#{deviceId},business_time=#{businessTime},access_account=#{accessAccount},out_ip=#{outIp},login_address=#{loginAddress},log_time=#{logTime},remark=#{remark},create_time=#{createTime},update_time=#{updateTime},delete_time=#{deleteTime},create_by=#{createBy},update_by=#{updateBy},operator_org_code=#{operatorOrgCode},operator_self_org_code=#{operatorSelfOrgCode}
        where id = #{id} and delete_time=0 
	</update>

	<update id="delBasicLogPrintById" parameterType="int">
        update  basic_log_print set delete_time=now() where id=#{value}
	</update>

	<select id="getBasicLogPrintById"  parameterType="Integer" resultType="com.matariky.commonservice.log.bean.BasicLogPrint" >
        select id,system_version,print_task_code,access_interface,operate_button,print_content,return_tid,print_status,fail_reason,rfid_set,device_id,business_time,access_account,out_ip,login_address,log_time,remark,create_time,update_time,delete_time,create_by,update_by,operator_org_code,operator_self_org_code from basic_log_print where id=#{value} and delete_time=0
	</select>

<select id="getBasicLogPrintDACCount" parameterType="java.util.Map" resultType="java.lang.Long">
   <if test="params.strategyCode =='1'.toString()">
  <include refid="baseQueryCountSql" />
    <if test="params.selfOrgCode != null and params.selfOrgCode !=''">
       and  t.operator_self_org_code=#{params.selfOrgCode}
    </if>
   <if test="params.tenantId != null and params.tenantId !=''">
     and t.tenant_id  = #{params.tenantId}
 </if>
       <if test="params.sharingSelfOrgCodes != null and params.sharingSelfOrgCodes.size() >0">
   or t.operator_self_org_code in
	 <foreach item="soc" collection="params.sharingSelfOrgCodes" open="(" separator="," close=")">
        #{soc}
    </foreach>
    </if>
         <if test="params.sharingOrgCodes != null  and params.sharingOrgCodes.size()>0  ">
        or   t.operator_org_code in 
    	 <foreach item="oc" collection="params.sharingOrgCodes" open="(" separator="," close=")">
            #{oc}
        </foreach>
    </if>
</if>
   <if test=" params.strategyCode =='0'.toString()">
  <include refid="baseQueryCountSql" />
       <if test="params.tenantId != null and params.tenantId !=''">
           and t.tenant_id  = #{params.tenantId}
       </if>
   </if>
   <if test=" params.strategyCode =='2'.toString()">
  <include refid="baseQueryCountSql" />
       <if test="params.orgCode != null and params.orgCode !=''">
        and   t.operator_org_code=#{params.orgCode} 
    </if>
   <if test="params.tenantId != null and params.tenantId !=''">
        and t.tenant_id  = #{params.tenantId}
    </if>
   <if test="params.sharingSelfOrgCodes != null and params.sharingSelfOrgCodes.size() >0 ">
            or  t.operator_self_org_code in
    	 <foreach item="soc" collection="params.sharingSelfOrgCodes" open="(" separator="," close=")">
            #{soc}
        </foreach>
   </if>
   <if test="params.sharingOrgCodes != null and params.sharingOrgCodes.size()>0">
             or   t.operator_org_code in
     	 <foreach item="oc" collection="params.sharingOrgCodes" open="(" separator="," close=")">
             #{oc}
         </foreach>
         </if>
 </if>
   <if test=" params.strategyCode =='3'.toString()">
  <include refid="baseQueryCountSql" />
        <if test="params.orgCode != null and params.orgCode !=''">
         and  t.operator_org_code like concat(#{params.orgCode}, '%') 
   		</if>
       <if test="params.tenantId != null and params.tenantId !=''">
         and t.tenant_id  = #{params.tenantId}
       </if>
   	   <if test="params.sharingSelfOrgCodes != null and params.sharingSelfOrgCodes.size() >0">
             or   t.operator_self_org_code in
     	 <foreach item="soc" collection="params.sharingSelfOrgCodes" open="(" separator="," close=")">
             #{soc}
         </foreach>
        </if>
   <if test="params.sharingOrgCodes != null and params.sharingOrgCodes.size()>0">
             or t.operator_org_code in
     	 <foreach item="oc" collection="params.sharingOrgCodes" open="(" separator="," close=")">
             #{oc}
         </foreach>
         </if>
 </if>
</select>
<select id="getBasicLogPrintDAC" parameterType="java.util.Map" resultType="com.matariky.commonservice.log.bean.BasicLogPrint">
<if test="params.strategyCode =='1'.toString()">
  <include refid="baseQueryListSql" />
   <if test="params.selfOrgCode != null and params.selfOrgCode !=''"> 
       and  t.operator_self_org_code=#{params.selfOrgCode} 
   </if>
   <if test="params.tenantId != null and params.tenantId !=''">
       and t.tenant_id  = #{params.tenantId}
   </if>
   <if test="params.sharingSelfOrgCodes !=null and params.sharingSelfOrgCodes.size()>0">
      union  
  <include refid="baseQueryListSql" />
     <if test="params.sharingSelfOrgCodes != null and params.sharingSelfOrgCodes.size()>0">  
      and t.operator_self_org_code in
  	 <foreach item="soc" collection="params.sharingSelfOrgCodes" open="(" separator="," close=")">
        #{soc}
      </foreach>
       </if>
       <if test="params.tenantId != null and params.tenantId !=''">
           and t.tenant_id  = #{params.tenantId}
       </if>
  </if>
  <if test="params.sharingOrgCodes !=null and params.sharingOrgCodes.size()>0">
      union  
  <include refid="baseQueryListSql" />
        <if test="params.sharingOrgCodes != null and params.sharingOrgCodes.size()>0  "> 
         and   t.operator_org_code in
  	 <foreach item="oc" collection="params.sharingOrgCodes" open="(" separator="," close=")">
          #{oc}
       </foreach>
       </if>
       <if test="params.tenantId != null and params.tenantId !=''">
           and t.tenant_id  = #{params.tenantId}
        </if>
    </if>
    <if test="params.orderField != null and params.orderField !=''">
    order by  #{params.orderField}
     </if>
    <if test="params.order != null and params.order !=''">
     #{params.order}
   </if>
 </if>
 <if test=" params.strategyCode =='0'.toString()">
  <include refid="baseQueryListSql" />
    <if test="params.tenantId != null and params.tenantId !=''"> 
       and t.tenant_id  = #{params.tenantId}
    </if>
    <if test="params.orderField != null and params.orderField !=''">
    order by  #{params.orderField}
    </if>
    <if test="params.order != null and params.order !=''">
     #{params.order}
    </if>
</if>
 <if test=" params.strategyCode =='2'.toString()">
  <include refid="baseQueryListSql" />
   <if test="params.orgCode != null and params.orgCode !=''"> 
        and   t.operator_org_code=#{params.orgCode} 
     </if>
     <if test="params.tenantId != null and params.tenantId !=''">
        and t.tenant_id  = #{params.tenantId}
    </if>
     <if test="params.sharingSelfOrgCodes !=null and params.sharingSelfOrgCodes !=''">
      union  
     <include refid="baseQueryListSql" />
        <if test="params.sharingSelfOrgCodes != null and params.sharingSelfOrgCodes.size() >0 ">
            and  t.operator_self_org_code in
    	 <foreach item="soc" collection="params.sharingSelfOrgCodes" open="(" separator="," close=")">
           #{soc}
        </foreach>
        </if>
        <if test="params.tenantId != null and params.tenantId !=''">
            and t.tenant_id  = #{params.tenantId}
        </if>
    </if>
    <if test="params.sharingOrgCodes !=null and params.sharingOrgCodes !=''">
      union  
     <include refid="baseQueryListSql" />
         <if test="params.sharingOrgCodes != null and params.sharingOrgCodes.size()>0">
            and   t.operator_org_code in 
    	 <foreach item="oc" collection="params.sharingOrgCodes" open="(" separator="," close=")">
            #{oc}
        </foreach>
        </if>
        <if test="params.tenantId != null and params.tenantId !=''">
            and t.tenant_id  = #{params.tenantId}
        </if>
     </if>
    <if test="params.orderField != null and params.orderField !=''">
    order by  #{params.orderField}
    </if>
    <if test="params.order != null and params.order !=''">
      #{params.order}
    </if>
</if>
<if test=" params.strategyCode =='3'.toString()">
  <include refid="baseQueryListSql" />
     <if test="params.orgCode != null and params.orgCode !=''">
        and  t.operator_org_code like concat(#{params.orgCode}, '%') 
    </if>
    <if test="params.tenantId != null and params.tenantId !=''">
        and t.tenant_id  = #{params.tenantId}
    </if>
     <if test="params.sharingSelfOrgCodes !=null and params.sharingSelfOrgCodes !=''">
      union  
      <include refid="baseQueryListSql" />
        <if test="params.sharingSelfOrgCodes != null and params.sharingSelfOrgCodes.size() >0"> 
            and   t.operator_self_org_code in
   	 <foreach item="soc" collection="params.sharingSelfOrgCodes" open="(" separator="," close=")">
           #{soc}
        </foreach>
        </if>
        <if test="params.tenantId != null and params.tenantId !=''">
            and t.tenant_id  = #{params.tenantId}
        </if>
    </if>
     <if test="params.sharingOrgCodes !=null and params.sharingOrgCodes !=''">
      union  
      <include refid="baseQueryListSql" />
       		<if test="params.sharingOrgCodes != null and params.sharingOrgCodes.size()>0">
            and t.operator_org_code in 
    	 <foreach item="oc" collection="params.sharingOrgCodes" open="(" separator="," close=")">
            #{oc}
        </foreach>
        </if>
        <if test="params.tenantId != null and params.tenantId !=''">
           and t.tenant_id  = #{params.tenantId}
        </if>
    </if>
    <if test="params.orderField != null and params.orderField !=''">
    order by  #{params.orderField}
    </if>
    <if test="params.order != null and params.order !=''">
     #{params.order}
   </if>
 </if>
 <if test="params.pageStart != null and params.pageSize != null  ">
     limit #{params.pageStart}, #{params.pageSize}
  </if>
</select>
</mapper>
